<?xml version="1.0" encoding="UTF-8"?>
<!DOCTYPE mapper
       PUBLIC "-//mybatis.org//DTD Mapper 3.0//EN"
       "http://mybatis.org/dtd/mybatis-3-mapper.dtd">

<mapper namespace="com.example.demo.dao.StudentDao">
  <select id="selectAll" resultType="student">
    select * from student
  </select>
  
  <!-- 根据id删除学生信息 -->
  <delete id="deleteById" parameterType="Integer">
    DELETE FORM student WHERE id=#{id}
  </delete>
  
  <!-- 添加学生信息 -->
  <insert id="insertStudent" parameterType="student">
  INSERT INTO student(stunum,name,birth,gender,phonenum,classnum,dept) values(#{stunum},#{name},#{birth},#{gender},#{phonenum},#{classnum},#{dept})
  </insert>
  
  <!-- 根据id查询 -->
  <select id="selectById" parameterType="Integet" resultType="student">
   SELECT * FROM student WHERE id=#{id}
  </select>
  
  <!-- 学生信息修改 -->
  <update id="updateStudent" parameterType="student">
   UPDATE student set stunum=#{stunum},name#{name},birth=#{birth},gender=#{gender},phonenum=#{phonenum},classnum=#{classnum},dept=#{dept} WHERE id=#{id}
  </update>
</mapper>