<?xml version="1.0" encoding="UTF-8"?>
<!DOCTYPE mapper PUBLIC "-//mybatis.org//DTD Mapper 3.0//EN" "http://mybatis.org/dtd/mybatis-3-mapper.dtd">

<mapper namespace="com.student.demo.mapper.AdminDao">


    <!--&lt;!&ndash;仅1为true，其余为false&ndash;&gt;-->
    <select id="checkId"  resultType="boolean">
        select count(1) from admin where id= #{0}
    </select>

<!-- 登录 -->
    <select id="login" parameterType="java.lang.String" resultType="boolean">
        select count(1)  from  admin
        where id = #{id} and password = #{password}
    </select>

<!-- 更新用户信息 -->
    <update id="updateAdmin" parameterType="com.student.demo.model.Admin">
        update admin
        <trim prefix="set"  suffixOverrides=",">
            <if test="name != null">
                name = #{name},
            </if>
            <if test="phone !=null ">
                phone = #{phone},
            </if>
            <if test="password != null">
                password = #{password},
            </if>
        </trim>
        where id = #{id}
    </update>

<!-- 添加用户信息 -->
    <insert id="addAdmin" parameterType="com.student.demo.model.Admin">
        insert into admin (id,name,phone,password)
        values (#{id},#{name},#{phone},#{password})
    </insert>

<!-- 账号查找用户信息 -->
    <select id="getAdminById" parameterType="java.lang.String" resultType="com.student.demo.model.Admin">
        select  * from  admin
        where id = #{0}
    </select>

<!-- 获取用户信息 -->
    <select id="getAdmin"  resultType="com.student.demo.model.Admin">
        select  * from  admin limit #{b}, #{e}
    </select>

</mapper>
