<?xml version="1.0" encoding="UTF-8"?>
<!DOCTYPE mapper PUBLIC "-//mybatis.org//DTD Mapper 3.0//EN" "http://mybatis.org/dtd/mybatis-3-mapper.dtd">

<mapper namespace="com.student.demo.mapper.StudentDao">

    <!--&lt;!&ndash;仅1为true，其余为false&ndash;&gt;-->
    <select id="checkStuNum"  resultType="boolean">
        select count(1) from student where stunum= #{0}
    </select>

    <insert id="addStudent" parameterType="com.student.demo.model.Student">
        insert into student (name,stunum,birth,gender,clazz,dept,phone)
        values (#{name},#{stunum},#{birth},#{gender},#{clazz},#{dept},#{phone})
    </insert>

    <update id="updateStudent" parameterType="com.student.demo.model.Student">
        update student
        <trim prefix="set"  suffixOverrides=",">
            <if test="name != null">
                name = #{name},
            </if>
            <if test="birth !=null ">
                birth = #{birth},
            </if>
            <if test="gender != null">
                gender = #{gender},
            </if>
            <if test="clazz != null">
                clazz = #{clazz},
            </if>
            <if test="dept != null">
                dept = #{dept},
            </if>
            <if test="phone != null">
                phone = #{phone},
            </if>
        </trim>
        where stunum = #{stunum}
    </update>




    <select id="getStudentByWord"  resultType="com.student.demo.model.Student" parameterType="com.student.demo.model.Student">
        select *  from  student
        <trim prefix="where"  suffixOverrides="and">
            <if test="name != null">
                name = #{name} and
            </if>
            <if test="birth !=null ">
                birth = #{birth} and
            </if>
            <if test="gender != null">
                gender = #{gender} and
            </if>
            <if test="clazz != null">
                clazz = #{clazz} and
            </if>
            <if test="dept != null">
                dept = #{dept} and
            </if>
            <if test="stunum != null">
                stunum = #{stunum} and
            </if>
            <if test="phone != null">
                phone = #{phone} and
            </if>
        </trim>
        limit #{b}, #{e}
    </select>

    <select id="getStudentByNum" parameterType="java.lang.String" resultType="com.student.demo.model.Student">
        select *  from  student  where stunum = #{0}
    </select>



    <select id="getStudent"  resultType="com.student.demo.model.Student">
        select *  from  student  limit #{b}, #{e}
    </select>


    <delete id="delete" parameterType="java.lang.String" >
        delete from student where stunum = #{0}
    </delete>
</mapper>
