<?xml version="1.0" encoding="UTF-8"?>
<!DOCTYPE mapper PUBLIC "-//mybatis.org//DTD Mapper 3.0//EN" "http://mybatis.org/dtd/mybatis-3-mapper.dtd">

<mapper namespace="com.student.demo.mapper.StudentDao">

    <!--&lt;!&ndash;仅1为true，其余为false&ndash;&gt;-->
    <select id="checkStuNum"  resultType="boolean">
        select count(1) from student where stunum= #{0}
    </select>

<!-- 学生信息添加 -->
    <insert id="addStudent" parameterType="com.student.demo.model.Student">
        insert into student (name,stunum,birth,gender,clazz,dept,phone,photo)
        values (#{name},#{stunum},#{birth},#{gender},#{clazz},#{dept},#{phone},#{photo})
    </insert>


<!-- 学生信息修改 -->
    <update id="updateStudent" parameterType="com.student.demo.model.Student">
        update student
        <trim prefix="set"  suffixOverrides=",">
            <if test="name != null">
                name = #{name},
            </if>
            <if test="birth !=null ">
                birth = #{birth},
            </if>
            <if test="gender != null">
                gender = #{gender},
            </if>
            <if test="clazz != null">
                clazz = #{clazz},
            </if>
            <if test="dept != null">
                dept = #{dept},
            </if>
            <if test="phone != null">
                phone = #{phone},
            </if>
            <if test="photo != null">
                photo = #{photo},
            </if>
        </trim>
        where stunum = #{stunum}
    </update>




    <select id="getStudentByWord"  resultType="com.student.demo.model.Student" parameterType="com.student.demo.model.Student">
        select *  from  student
         <trim prefix="where"  suffixOverrides="and">
            <if test="name != null">
                name = #{name} and
            </if>
            <if test="birth !=null ">
                birth = #{birth} and
            </if>
            <if test="gender != null">
                gender = #{gender} and
            </if>
            <if test="clazz != null">
                clazz = #{clazz} and
            </if>
            <if test="dept != null">
                dept = #{dept} and
            </if>
            <if test="stunum != null">
                stunum = #{stunum} and
            </if>
            <if test="phone != null">
                phone = #{phone} and
            </if>
        </trim>
        limit #{b}, #{e} 
    </select>
    
    <!-- 学生信息查询 -->
 <select id="getStudentsByWord"  resultType="com.student.demo.model.Student" parameterType="com.student.demo.model.Student">
        select *  from  student
        <trim prefix="where"  suffixOverrides="and">
            <if test="name != null and name != ''">
           name like concat('%',#{name},'%') and
            </if>
            <if test="birth !=null and birth != '' ">
                birth = #{birth} and
            </if>
            <if test="gender != null and gender != ''">
                gender = #{gender} and
            </if>
            <if test="clazz != null and clazz != ''">
                clazz like concat('%',#{clazz},'%') and
            </if>
            <if test="dept != null and dept != ''">
                dept = #{dept} and
            </if>
            <if test="stunum != null and stunum != ''">
                stunum like concat('%',#{stunum},'%') and
            </if>
            <if test="phone != null and phone != ''">
                phone = #{phone} and
            </if>
        </trim>
        
    </select>

    <select id="getStudentByNum" parameterType="java.lang.String" resultType="com.student.demo.model.Student">
        select *  from  student  where stunum = #{0}
    </select>



    <select id="getStudent"  resultType="com.student.demo.model.Student">
        select *  from  student  limit #{b}, #{e}
    </select>

<!-- 删除学生信息 -->
    <delete id="delete" parameterType="java.lang.String" >
        delete from student where stunum = #{0}
    </delete>
    
    <!-- 统计学生信息 -->
    <select id="getDeptTotal" resultType="java.util.Map">
    select dept, count(dept) deptNum from student group by dept;
    </select>
    
     <select id="getGenderTotal" resultType="java.util.Map">
    select gender, count(gender) genderNum from student group by gender;
    </select> 
    
    <select id="getClazzTotal" resultType="java.util.Map">
    select clazz, count(clazz) clazzNum from student group by clazz;
    </select>
</mapper>
